labels,cv,rep,seed,bal_acc,auc
real,correct,0,0,0.9577777777777777,0.9955555555555555
real,wrong,0,0,0.97,0.9955555555555555
real,correct,1,1,0.9688888888888888,0.9960000000000001
real,wrong,1,1,0.9688888888888888,0.9960000000000001
real,correct,2,2,0.9588888888888889,1.0
real,wrong,2,2,0.9588888888888889,1.0
real,correct,3,3,0.958888888888889,1.0
real,wrong,3,3,0.968888888888889,1.0
real,correct,4,4,0.9588888888888889,1.0
real,wrong,4,4,0.9588888888888889,1.0
real,correct,5,5,0.9800000000000001,1.0
real,wrong,5,5,0.9700000000000001,1.0
real,correct,6,6,0.9688888888888888,0.9911111111111112
real,wrong,6,6,0.9588888888888889,0.9955555555555555
real,correct,7,7,0.9466666666666665,1.0
real,wrong,7,7,0.9577777777777777,1.0
real,correct,8,8,0.9688888888888888,0.9960000000000001
real,wrong,8,8,0.9588888888888889,0.9960000000000001
real,correct,9,9,0.9277777777777778,0.9911111111111112
real,wrong,9,9,0.968888888888889,0.9955555555555555
permuted,correct,0,0,0.4622222222222222,0.4693333333333333
permuted,wrong,0,0,0.8500000000000002,0.9364444444444446
permuted,correct,1,1,0.5233333333333332,0.6222222222222223
permuted,wrong,1,1,0.8299999999999998,0.9453333333333334
permuted,correct,2,2,0.4533333333333333,0.5217777777777778
permuted,wrong,2,2,0.8077777777777777,0.8648888888888889
permuted,correct,3,3,0.45111111111111113,0.4533333333333333
permuted,wrong,3,3,0.8577777777777778,0.9755555555555556
permuted,correct,4,4,0.5488888888888888,0.5795555555555556
permuted,wrong,4,4,0.8255555555555555,0.8986666666666668
permuted,correct,5,5,0.45,0.4142222222222222
permuted,wrong,5,5,0.8377777777777778,0.9826666666666666
permuted,correct,6,6,0.53,0.42622222222222234
permuted,wrong,6,6,0.7777777777777779,0.8488888888888887
permuted,correct,7,7,0.43888888888888894,0.34044444444444444
permuted,wrong,7,7,0.8177777777777779,0.9284444444444444
permuted,correct,8,8,0.43000000000000005,0.44044444444444447
permuted,wrong,8,8,0.8377777777777776,0.9333333333333333
permuted,correct,9,9,0.4622222222222222,0.4684444444444444
permuted,wrong,9,9,0.758888888888889,0.8933333333333333
permuted,correct,10,10,0.52,0.4568888888888889
permuted,wrong,10,10,0.8077777777777779,0.9444444444444444
permuted,correct,11,11,0.5533333333333333,0.6431111111111111
permuted,wrong,11,11,0.8577777777777778,0.9635555555555555
permuted,correct,12,12,0.3944444444444445,0.38933333333333336
permuted,wrong,12,12,0.7766666666666666,0.8711111111111112
permuted,correct,13,13,0.6022222222222222,0.5515555555555556
permuted,wrong,13,13,0.8777777777777777,0.9564444444444444
permuted,correct,14,14,0.5533333333333333,0.6391111111111112
permuted,wrong,14,14,0.8800000000000001,0.963111111111111
permuted,correct,15,15,0.49444444444444446,0.43644444444444436
permuted,wrong,15,15,0.857777777777778,0.9346666666666665
permuted,correct,16,16,0.5644444444444445,0.5955555555555556
permuted,wrong,16,16,0.7733333333333333,0.9102222222222223
permuted,correct,17,17,0.45999999999999996,0.46177777777777773
permuted,wrong,17,17,0.6666666666666666,0.8551111111111112
permuted,correct,18,18,0.5133333333333333,0.46622222222222226
permuted,wrong,18,18,0.7766666666666667,0.8622222222222223
permuted,correct,19,19,0.5644444444444444,0.6053333333333333
permuted,wrong,19,19,0.6755555555555556,0.7342222222222223
permuted,correct,20,20,0.5011111111111111,0.5262222222222223
permuted,wrong,20,20,0.7444444444444445,0.8488888888888889
permuted,correct,21,21,0.5033333333333333,0.3933333333333333
permuted,wrong,21,21,0.85,0.9257777777777779
permuted,correct,22,22,0.6022222222222222,0.6
permuted,wrong,22,22,0.7655555555555555,0.8560000000000001
permuted,correct,23,23,0.5411111111111111,0.5373333333333333
permuted,wrong,23,23,0.7777777777777779,0.8946666666666667
permuted,correct,24,24,0.5255555555555557,0.6013333333333334
permuted,wrong,24,24,0.7377777777777778,0.8675555555555556
permuted,correct,25,25,0.4144444444444444,0.4768888888888889
permuted,wrong,25,25,0.7666666666666666,0.8693333333333333
permuted,correct,26,26,0.41666666666666663,0.4253333333333334
permuted,wrong,26,26,0.6855555555555555,0.6048888888888889
permuted,correct,27,27,0.4988888888888889,0.5502222222222223
permuted,wrong,27,27,0.7122222222222223,0.8244444444444445
permuted,correct,28,28,0.6533333333333333,0.6804444444444445
permuted,wrong,28,28,0.7977777777777778,0.8364444444444444
permuted,correct,29,29,0.5522222222222222,0.5857777777777778
permuted,wrong,29,29,0.7744444444444445,0.8173333333333334
permuted,correct,30,30,0.5811111111111111,0.5911111111111111
permuted,wrong,30,30,0.6655555555555556,0.7382222222222221
permuted,correct,31,31,0.51,0.4693333333333333
permuted,wrong,31,31,0.7755555555555556,0.8355555555555556
permuted,correct,32,32,0.45111111111111113,0.48177777777777775
permuted,wrong,32,32,0.8277777777777777,0.9560000000000001
permuted,correct,33,33,0.5611111111111111,0.5937777777777778
permuted,wrong,33,33,0.8588888888888888,0.9777777777777779
permuted,correct,34,34,0.4488888888888889,0.5133333333333334
permuted,wrong,34,34,0.828888888888889,0.9315555555555555
permuted,correct,35,35,0.45,0.4177777777777777
permuted,wrong,35,35,0.7766666666666666,0.9577777777777777
permuted,correct,36,36,0.5633333333333334,0.5951111111111111
permuted,wrong,36,36,0.86,0.9662222222222223
permuted,correct,37,37,0.39555555555555555,0.40800000000000003
permuted,wrong,37,37,0.7833333333333333,0.8453333333333333
permuted,correct,38,38,0.5644444444444444,0.5124444444444445
permuted,wrong,38,38,0.768888888888889,0.8177777777777779
permuted,correct,39,39,0.45777777777777773,0.4626666666666666
permuted,wrong,39,39,0.8366666666666666,0.9337777777777777
permuted,correct,40,40,0.47111111111111115,0.38533333333333336
permuted,wrong,40,40,0.7344444444444445,0.8484444444444446
permuted,correct,41,41,0.48,0.47555555555555556
permuted,wrong,41,41,0.7477777777777777,0.8955555555555555
permuted,correct,42,42,0.47777777777777775,0.46177777777777784
permuted,wrong,42,42,0.8566666666666667,0.9306666666666666
permuted,correct,43,43,0.45999999999999996,0.45377777777777784
permuted,wrong,43,43,0.7655555555555557,0.8946666666666667
permuted,correct,44,44,0.6255555555555556,0.6342222222222221
permuted,wrong,44,44,0.7655555555555557,0.8337777777777777
permuted,correct,45,45,0.5344444444444444,0.5599999999999999
permuted,wrong,45,45,0.7866666666666667,0.924
permuted,correct,46,46,0.5922222222222222,0.6128888888888888
permuted,wrong,46,46,0.8588888888888888,0.9640000000000001
permuted,correct,47,47,0.4677777777777778,0.5311111111111112
permuted,wrong,47,47,0.8366666666666667,0.9173333333333332
permuted,correct,48,48,0.4477777777777778,0.4724444444444445
permuted,wrong,48,48,0.7988888888888889,0.9275555555555555
permuted,correct,49,49,0.4988888888888889,0.5497777777777778
permuted,wrong,49,49,0.7355555555555555,0.7977777777777779
permuted,correct,50,50,0.40888888888888897,0.38355555555555554
permuted,wrong,50,50,0.858888888888889,0.952
permuted,correct,51,51,0.4877777777777778,0.4902222222222222
permuted,wrong,51,51,0.6766666666666665,0.784
permuted,correct,52,52,0.41,0.42800000000000005
permuted,wrong,52,52,0.6877777777777778,0.8324444444444443
permuted,correct,53,53,0.5166666666666666,0.6013333333333334
permuted,wrong,53,53,0.8188888888888888,0.9102222222222223
permuted,correct,54,54,0.6155555555555556,0.7182222222222222
permuted,wrong,54,54,0.8255555555555556,0.8742222222222221
permuted,correct,55,55,0.39,0.3537777777777778
permuted,wrong,55,55,0.8277777777777778,0.9355555555555556
permuted,correct,56,56,0.5211111111111111,0.49777777777777776
permuted,wrong,56,56,0.8488888888888889,0.9364444444444444
permuted,correct,57,57,0.5033333333333333,0.4133333333333334
permuted,wrong,57,57,0.857777777777778,0.9008888888888891
permuted,correct,58,58,0.4155555555555555,0.4155555555555555
permuted,wrong,58,58,0.8666666666666666,0.9706666666666667
permuted,correct,59,59,0.5611111111111111,0.5897777777777777
permuted,wrong,59,59,0.7988888888888889,0.9217777777777778
permuted,correct,60,60,0.6533333333333334,0.62
permuted,wrong,60,60,0.8188888888888888,0.9328888888888889
permuted,correct,61,61,0.3877777777777778,0.3488888888888889
permuted,wrong,61,61,0.8666666666666668,0.9560000000000001
permuted,correct,62,62,0.5922222222222222,0.724
permuted,wrong,62,62,0.8688888888888888,0.9355555555555556
permuted,correct,63,63,0.53,0.5737777777777777
permuted,wrong,63,63,0.8177777777777777,0.9119999999999999
permuted,correct,64,64,0.45,0.512888888888889
permuted,wrong,64,64,0.8588888888888888,0.9542222222222222
permuted,correct,65,65,0.5111111111111111,0.5964444444444446
permuted,wrong,65,65,0.8077777777777777,0.9435555555555556
permuted,correct,66,66,0.5411111111111111,0.5751111111111111
permuted,wrong,66,66,0.7366666666666667,0.8417777777777777
permuted,correct,67,67,0.47000000000000003,0.4462222222222222
permuted,wrong,67,67,0.7577777777777778,0.9213333333333333
permuted,correct,68,68,0.4,0.46622222222222226
permuted,wrong,68,68,0.8477777777777777,0.9466666666666667
permuted,correct,69,69,0.45,0.38888888888888895
permuted,wrong,69,69,0.8077777777777777,0.9168888888888889
permuted,correct,70,70,0.52,0.4902222222222223
permuted,wrong,70,70,0.8555555555555555,0.928888888888889
permuted,correct,71,71,0.5744444444444443,0.5493333333333335
permuted,wrong,71,71,0.778888888888889,0.9595555555555556
permuted,correct,72,72,0.6444444444444444,0.6297777777777778
permuted,wrong,72,72,0.8566666666666667,0.9026666666666667
permuted,correct,73,73,0.5277777777777777,0.5946666666666667
permuted,wrong,73,73,0.8577777777777778,0.9644444444444445
permuted,correct,74,74,0.4411111111111111,0.43466666666666676
permuted,wrong,74,74,0.857777777777778,0.9826666666666666
permuted,correct,75,75,0.4988888888888889,0.4204444444444445
permuted,wrong,75,75,0.8255555555555556,0.9524444444444444
permuted,correct,76,76,0.4611111111111111,0.45822222222222225
permuted,wrong,76,76,0.7877777777777778,0.944
permuted,correct,77,77,0.6066666666666667,0.5764444444444444
permuted,wrong,77,77,0.7466666666666668,0.8386666666666667
permuted,correct,78,78,0.5,0.4546666666666666
permuted,wrong,78,78,0.8577777777777778,0.9431111111111111
permuted,correct,79,79,0.5222222222222221,0.4542222222222222
permuted,wrong,79,79,0.7866666666666667,0.9253333333333333
permuted,correct,80,80,0.5444444444444445,0.5346666666666667
permuted,wrong,80,80,0.9099999999999999,0.968
permuted,correct,81,81,0.4411111111111111,0.3337777777777778
permuted,wrong,81,81,0.7177777777777777,0.7506666666666668
permuted,correct,82,82,0.3977777777777778,0.3844444444444445
permuted,wrong,82,82,0.89,0.9826666666666666
permuted,correct,83,83,0.5422222222222222,0.5182222222222224
permuted,wrong,83,83,0.8177777777777779,0.9662222222222223
permuted,correct,84,84,0.5233333333333333,0.6351111111111111
permuted,wrong,84,84,0.8,0.9168888888888891
permuted,correct,85,85,0.4677777777777778,0.504
permuted,wrong,85,85,0.8566666666666667,0.9613333333333334
permuted,correct,86,86,0.4377777777777778,0.4271111111111111
permuted,wrong,86,86,0.8788888888888889,0.9568888888888889
permuted,correct,87,87,0.4611111111111111,0.4257777777777778
permuted,wrong,87,87,0.7566666666666666,0.8573333333333333
permuted,correct,88,88,0.49000000000000005,0.5515555555555556
permuted,wrong,88,88,0.96,1.0
permuted,correct,89,89,0.39333333333333337,0.42266666666666663
permuted,wrong,89,89,0.8588888888888888,0.936888888888889
permuted,correct,90,90,0.5222222222222223,0.5528888888888889
permuted,wrong,90,90,0.8677777777777778,0.9568888888888889
permuted,correct,91,91,0.45999999999999996,0.39066666666666666
permuted,wrong,91,91,0.6955555555555556,0.8604444444444447
permuted,correct,92,92,0.5333333333333332,0.5204444444444445
permuted,wrong,92,92,0.8677777777777778,0.9693333333333334
permuted,correct,93,93,0.40444444444444444,0.37822222222222224
permuted,wrong,93,93,0.8388888888888889,0.9653333333333334
permuted,correct,94,94,0.5322222222222223,0.5115555555555555
permuted,wrong,94,94,0.75,0.8195555555555556
permuted,correct,95,95,0.5688888888888889,0.6266666666666667
permuted,wrong,95,95,0.8455555555555556,0.9275555555555556
permuted,correct,96,96,0.6100000000000001,0.7106666666666668
permuted,wrong,96,96,0.8800000000000001,0.9622222222222222
permuted,correct,97,97,0.5211111111111111,0.5031111111111112
permuted,wrong,97,97,0.7755555555555556,0.9195555555555556
permuted,correct,98,98,0.4600000000000001,0.44666666666666666
permuted,wrong,98,98,0.7555555555555555,0.8453333333333333
permuted,correct,99,99,0.44000000000000006,0.38711111111111113
permuted,wrong,99,99,0.8766666666666667,0.9262222222222223
