label,cv,perm_id,bal_acc
thật,đúng,-1,1.0
thật,đúng,-1,0.95
thật,đúng,-1,1.0
thật,đúng,-1,1.0
thật,đúng,-1,0.9
thật,sai,-1,1.0
thật,sai,-1,1.0
thật,sai,-1,0.9444444444444444
thật,sai,-1,1.0
thật,sai,-1,0.9
hoán vị,đúng,0,0.4966666666666667
hoán vị,sai,0,0.7044444444444445
hoán vị,đúng,1,0.5533333333333333
hoán vị,sai,1,0.7144444444444445
hoán vị,đúng,2,0.5111111111111112
hoán vị,sai,2,0.59
hoán vị,đúng,3,0.5311111111111112
hoán vị,sai,3,0.7533333333333333
hoán vị,đúng,4,0.5488888888888889
hoán vị,sai,4,0.6788888888888888
hoán vị,đúng,5,0.49333333333333335
hoán vị,sai,5,0.6755555555555555
hoán vị,đúng,6,0.5066666666666666
hoán vị,sai,6,0.7444444444444442
hoán vị,đúng,7,0.35666666666666663
hoán vị,sai,7,0.7866666666666666
hoán vị,đúng,8,0.45444444444444443
hoán vị,sai,8,0.6744444444444445
hoán vị,đúng,9,0.5211111111111111
hoán vị,sai,9,0.7777777777777779
hoán vị,đúng,10,0.48888888888888893
hoán vị,sai,10,0.7855555555555556
hoán vị,đúng,11,0.45
hoán vị,sai,11,0.7422222222222221
hoán vị,đúng,12,0.5033333333333333
hoán vị,sai,12,0.6466666666666667
hoán vị,đúng,13,0.4411111111111111
hoán vị,sai,13,0.8166666666666667
hoán vị,đúng,14,0.6511111111111111
hoán vị,sai,14,0.8677777777777779
hoán vị,đúng,15,0.5522222222222222
hoán vị,sai,15,0.8366666666666667
hoán vị,đúng,16,0.5433333333333332
hoán vị,sai,16,0.7566666666666666
hoán vị,đúng,17,0.4477777777777778
hoán vị,sai,17,0.6533333333333333
hoán vị,đúng,18,0.4
hoán vị,sai,18,0.6577777777777778
hoán vị,đúng,19,0.5944444444444444
hoán vị,sai,19,0.5411111111111111
hoán vị,đúng,20,0.5222222222222223
hoán vị,sai,20,0.7266666666666667
hoán vị,đúng,21,0.3411111111111111
hoán vị,sai,21,0.6533333333333333
hoán vị,đúng,22,0.5933333333333333
hoán vị,sai,22,0.7055555555555556
hoán vị,đúng,23,0.5844444444444444
hoán vị,sai,23,0.7655555555555557
hoán vị,đúng,24,0.5
hoán vị,sai,24,0.671111111111111
hoán vị,đúng,25,0.4311111111111111
hoán vị,sai,25,0.6422222222222221
hoán vị,đúng,26,0.48888888888888893
hoán vị,sai,26,0.7677777777777777
hoán vị,đúng,27,0.5011111111111111
hoán vị,sai,27,0.7866666666666667
hoán vị,đúng,28,0.6433333333333333
hoán vị,sai,28,0.8144444444444444
hoán vị,đúng,29,0.6
hoán vị,sai,29,0.7777777777777779
hoán vị,đúng,30,0.5355555555555556
hoán vị,sai,30,0.5933333333333333
hoán vị,đúng,31,0.5399999999999999
hoán vị,sai,31,0.7155555555555556
hoán vị,đúng,32,0.4933333333333333
hoán vị,sai,32,0.7144444444444445
hoán vị,đúng,33,0.4722222222222222
hoán vị,sai,33,0.79
hoán vị,đúng,34,0.4533333333333333
hoán vị,sai,34,0.6755555555555556
hoán vị,đúng,35,0.3244444444444444
hoán vị,sai,35,0.6322222222222222
hoán vị,đúng,36,0.5633333333333334
hoán vị,sai,36,0.6855555555555555
hoán vị,đúng,37,0.5811111111111111
hoán vị,sai,37,0.6633333333333333
hoán vị,đúng,38,0.5855555555555555
hoán vị,sai,38,0.6844444444444445
hoán vị,đúng,39,0.5544444444444445
hoán vị,sai,39,0.8966666666666665
hoán vị,đúng,40,0.4822222222222222
hoán vị,sai,40,0.7977777777777778
hoán vị,đúng,41,0.5933333333333335
hoán vị,sai,41,0.7133333333333334
hoán vị,đúng,42,0.4855555555555555
hoán vị,sai,42,0.7066666666666668
hoán vị,đúng,43,0.4488888888888889
hoán vị,sai,43,0.5188888888888888
hoán vị,đúng,44,0.5088888888888888
hoán vị,sai,44,0.6322222222222222
hoán vị,đúng,45,0.53
hoán vị,sai,45,0.8477777777777777
hoán vị,đúng,46,0.5422222222222222
hoán vị,sai,46,0.7233333333333334
hoán vị,đúng,47,0.49000000000000005
hoán vị,sai,47,0.8155555555555555
hoán vị,đúng,48,0.4733333333333333
hoán vị,sai,48,0.8055555555555556
hoán vị,đúng,49,0.5633333333333332
hoán vị,sai,49,0.7877777777777778
hoán vị,đúng,50,0.6166666666666666
hoán vị,sai,50,0.8777777777777779
hoán vị,đúng,51,0.5177777777777778
hoán vị,sai,51,0.6322222222222222
hoán vị,đúng,52,0.5433333333333332
hoán vị,sai,52,0.6633333333333333
hoán vị,đúng,53,0.5011111111111111
hoán vị,sai,53,0.6744444444444444
hoán vị,đúng,54,0.6944444444444444
hoán vị,sai,54,0.8377777777777776
hoán vị,đúng,55,0.47000000000000003
hoán vị,sai,55,0.6455555555555555
hoán vị,đúng,56,0.4377777777777777
hoán vị,sai,56,0.7833333333333334
hoán vị,đúng,57,0.40777777777777774
hoán vị,sai,57,0.7144444444444445
hoán vị,đúng,58,0.3155555555555556
hoán vị,sai,58,0.7644444444444444
hoán vị,đúng,59,0.5333333333333333
hoán vị,sai,59,0.7055555555555556
hoán vị,đúng,60,0.6199999999999999
hoán vị,sai,60,0.8144444444444444
hoán vị,đúng,61,0.5411111111111111
hoán vị,sai,61,0.7755555555555554
hoán vị,đúng,62,0.7255555555555556
hoán vị,sai,62,0.8177777777777777
hoán vị,đúng,63,0.5422222222222223
hoán vị,sai,63,0.6744444444444444
hoán vị,đúng,64,0.5655555555555555
hoán vị,sai,64,0.8488888888888889
hoán vị,đúng,65,0.5622222222222223
hoán vị,sai,65,0.7755555555555557
hoán vị,đúng,66,0.5433333333333332
hoán vị,sai,66,0.7766666666666666
hoán vị,đúng,67,0.5422222222222222
hoán vị,sai,67,0.8066666666666666
hoán vị,đúng,68,0.4377777777777778
hoán vị,sai,68,0.7255555555555556
hoán vị,đúng,69,0.38666666666666666
hoán vị,sai,69,0.7233333333333334
hoán vị,đúng,70,0.47888888888888886
hoán vị,sai,70,0.6833333333333333
hoán vị,đúng,71,0.5022222222222222
hoán vị,sai,71,0.7966666666666666
hoán vị,đúng,72,0.52
hoán vị,sai,72,0.7533333333333334
hoán vị,đúng,73,0.5233333333333332
hoán vị,sai,73,0.7844444444444445
hoán vị,đúng,74,0.4211111111111111
hoán vị,sai,74,0.7433333333333334
hoán vị,đúng,75,0.4988888888888889
hoán vị,sai,75,0.7633333333333333
hoán vị,đúng,76,0.5422222222222223
hoán vị,sai,76,0.7133333333333333
hoán vị,đúng,77,0.4877777777777778
hoán vị,sai,77,0.7855555555555556
hoán vị,đúng,78,0.5644444444444445
hoán vị,sai,78,0.7355555555555556
hoán vị,đúng,79,0.5122222222222221
hoán vị,sai,79,0.7622222222222222
hoán vị,đúng,80,0.5511111111111111
hoán vị,sai,80,0.8177777777777777
hoán vị,đúng,81,0.5388888888888889
hoán vị,sai,81,0.7744444444444445
hoán vị,đúng,82,0.44666666666666666
hoán vị,sai,82,0.8144444444444444
hoán vị,đúng,83,0.4288888888888889
hoán vị,sai,83,0.7855555555555556
hoán vị,đúng,84,0.6255555555555555
hoán vị,sai,84,0.8266666666666668
hoán vị,đúng,85,0.5399999999999999
hoán vị,sai,85,0.8366666666666667
hoán vị,đúng,86,0.49000000000000005
hoán vị,sai,86,0.868888888888889
hoán vị,đúng,87,0.5499999999999999
hoán vị,sai,87,0.6133333333333333
hoán vị,đúng,88,0.3911111111111111
hoán vị,sai,88,0.89
hoán vị,đúng,89,0.47888888888888886
hoán vị,sai,89,0.7733333333333334
hoán vị,đúng,90,0.41555555555555557
hoán vị,sai,90,0.7566666666666668
hoán vị,đúng,91,0.4477777777777778
hoán vị,sai,91,0.6644444444444444
hoán vị,đúng,92,0.4866666666666667
hoán vị,sai,92,0.8177777777777779
hoán vị,đúng,93,0.5144444444444445
hoán vị,sai,93,0.7566666666666666
hoán vị,đúng,94,0.5411111111111111
hoán vị,sai,94,0.7566666666666666
hoán vị,đúng,95,0.5811111111111111
hoán vị,sai,95,0.8477777777777777
hoán vị,đúng,96,0.5922222222222222
hoán vị,sai,96,0.8166666666666668
hoán vị,đúng,97,0.5122222222222221
hoán vị,sai,97,0.6055555555555554
hoán vị,đúng,98,0.4822222222222222
hoán vị,sai,98,0.8155555555555555
hoán vị,đúng,99,0.3988888888888889
hoán vị,sai,99,0.7644444444444444
